,clientId,acount
count,7.0,7.0
mean,21.571428571428573,250.0
std,13.439458605875744,345.78413304642345
min,2.0,10.0
25%,12.0,60.0
50%,26.0,120.0
75%,32.0,250.0
max,35.0,1000.0
